Size (bp),some sample
1.00,806.09
2.00,692.57
2.74,517.07
3.49,341.02
4.23,206.68
4.98,124.38
5.72,83.46
6.47,68.03
7.21,64.68
7.96,64.97
8.70,65.47
9.45,65.81
10.19,66.61
10.94,68.03
11.68,68.72
12.43,67.15
13.17,63.20
13.92,57.38
14.66,49.87
15.41,41.41
16.15,33.33
16.90,26.36
17.64,20.50
18.39,15.75
19.13,12.76
19.88,11.86
20.62,11.77
21.37,10.55
22.11,8.04
22.86,6.09
23.60,6.16
24.35,7.48
25.09,7.96
25.84,6.95
26.58,5.91
27.33,5.84
28.07,6.06
28.82,5.70
29.56,4.66
30.31,3.38
31.05,2.25
31.80,1.35
32.54,0.73
33.29,0.65
34.03,1.04
34.78,1.03
35.52,0.17
36.27,-0.47
37.01,-0.05
37.76,0.59
38.50,0.59
39.24,-0.14
39.99,-1.49
40.73,-3.19
41.48,-4.45
42.22,-4.57
42.97,-3.79
43.71,-3.15
44.46,-3.09
45.20,-3.21
45.95,-3.31
46.69,-3.76
47.44,-4.39
48.18,-4.39
48.93,-3.58
49.67,-2.86
50.42,-2.86
51.16,-3.34
51.91,-3.71
52.65,-3.97
53.40,-4.65
54.14,-5.67
54.89,-5.84
55.63,-4.25
56.38,-1.99
57.12,-1.02
57.87,-1.59
58.61,-2.60
59.36,-3.54
60.10,-4.19
60.85,-3.89
61.59,-2.68
62.34,-1.59
63.08,-1.45
63.83,-2.33
64.57,-3.92
65.32,-5.47
66.06,-6.17
66.81,-5.97
67.55,-5.50
68.30,-5.04
69.04,-4.64
69.79,-4.32
70.53,-3.86
71.28,-3.35
72.02,-3.31
72.77,-3.56
73.51,-3.27
74.26,-2.43
75.00,-1.91
76.00,-2.20
77.24,-2.93
78.48,-3.61
79.72,-4.38
80.96,-5.44
82.20,-6.32
83.44,-6.56
84.68,-6.40
85.92,-6.32
87.16,-6.28
88.40,-5.83
89.64,-4.62
90.88,-2.80
92.12,-1.50
93.36,-2.04
94.60,-4.16
95.84,-6.18
97.08,-6.85
98.32,-6.01
99.56,-4.55
100.80,-4.13
102.04,-3.70
103.28,-3.96
104.52,-5.05
105.76,-6.24
107.00,-6.67
108.24,-6.27
109.48,-5.61
110.72,-4.74
111.96,-3.89
113.20,-4.00
114.44,-5.21
115.68,-6.39
116.92,-6.55
118.16,-5.76
119.40,-5.01
120.64,-5.22
121.88,-6.01
123.12,-6.30
124.36,-5.79
125.60,-4.74
126.84,-3.50
128.08,-2.74
129.32,-2.78
130.56,-2.90
131.80,-2.33
133.04,-1.51
134.28,-1.41
135.52,-2.01
136.76,-2.66
138.00,-3.26
139.24,-3.80
140.48,-3.89
141.72,-3.74
142.96,-4.01
144.20,-4.58
145.44,-4.87
146.68,-4.79
147.92,-4.64
149.16,-4.60
150.40,-4.19
151.64,-2.85
152.88,-1.32
154.12,-0.56
155.36,-0.24
156.60,0.21
157.84,0.99
159.08,2.58
160.32,4.45
161.56,5.30
162.80,5.13
164.04,4.50
165.28,3.05
166.52,0.84
167.76,-0.97
169.00,-1.71
170.24,-2.09
171.48,-2.94
172.72,-4.45
173.96,-6.18
175.20,-7.14
176.44,-7.12
177.68,-7.03
178.92,-7.17
180.16,-7.22
181.40,-7.53
182.64,-7.99
183.88,-7.73
185.12,-6.69
186.36,-5.59
187.60,-4.93
188.84,-5.16
190.08,-6.28
191.32,-7.08
192.56,-6.62
193.80,-5.72
195.04,-5.51
196.28,-5.80
197.52,-6.01
198.76,-6.15
200.00,-6.36
201.00,-6.40
202.14,-5.85
203.29,-5.01
204.43,-4.80
205.57,-5.46
206.72,-6.60
207.86,-7.89
209.01,-8.82
210.15,-8.78
211.29,-8.20
212.44,-8.02
213.58,-8.13
214.72,-7.74
215.87,-6.59
217.01,-5.41
218.16,-5.22
219.30,-5.83
220.44,-6.29
221.59,-6.85
222.73,-7.75
223.87,-7.35
225.02,-4.95
226.16,-2.59
227.30,-1.60
228.45,-1.21
229.59,-0.80
230.74,-0.28
231.88,0.59
233.02,1.75
234.17,2.59
235.31,2.53
236.45,1.74
237.60,0.61
238.74,-0.98
239.89,-2.85
241.03,-4.01
242.17,-4.27
243.32,-4.82
244.46,-6.19
245.60,-7.26
246.75,-7.27
247.89,-6.94
249.03,-7.06
250.18,-7.47
251.32,-7.59
252.47,-6.94
253.61,-5.59
254.75,-4.33
255.90,-3.97
257.04,-4.35
258.18,-4.84
259.33,-5.49
260.47,-6.59
261.61,-7.57
262.76,-7.88
263.90,-7.92
265.05,-7.94
266.19,-7.62
267.33,-7.07
268.48,-6.73
269.62,-6.22
270.76,-4.59
271.91,-2.21
273.05,-0.89
274.20,-1.56
275.34,-3.20
276.48,-4.23
277.63,-4.07
278.77,-3.57
279.91,-3.19
281.06,-1.72
282.20,1.62
283.34,5.88
284.49,10.26
285.63,14.53
286.78,17.66
287.92,18.47
289.06,16.83
290.21,13.67
291.35,10.24
292.49,7.10
293.64,4.25
294.78,1.96
295.93,0.33
297.07,-0.71
298.21,-0.66
299.36,0.55
300.50,1.89
301.64,2.66
302.79,3.20
303.93,3.83
305.07,4.28
306.22,4.05
307.36,2.95
308.51,0.98
309.65,-1.65
310.79,-4.20
311.94,-5.62
313.08,-5.64
314.22,-5.09
315.37,-4.71
316.51,-4.37
317.66,-3.71
318.80,-3.11
319.94,-3.16
321.09,-3.64
322.23,-4.32
323.37,-5.74
324.52,-7.95
325.66,-9.63
326.80,-9.48
327.95,-8.14
329.09,-7.04
330.24,-6.38
331.38,-5.97
332.52,-5.84
333.67,-5.37
334.81,-3.84
335.95,-1.50
337.10,0.24
338.24,0.12
339.39,-1.56
340.53,-3.43
341.67,-4.42
342.82,-4.18
343.96,-3.28
345.10,-2.88
346.25,-3.53
347.39,-5.01
348.53,-6.63
349.68,-7.40
350.82,-7.10
351.97,-6.46
353.11,-6.07
354.25,-5.95
355.40,-5.96
356.54,-5.84
357.68,-5.54
358.83,-5.34
359.97,-5.81
361.11,-7.10
362.26,-8.43
363.40,-8.80
364.55,-8.15
365.69,-7.38
366.83,-7.14
367.98,-7.33
369.12,-7.61
370.26,-7.60
371.41,-7.28
372.55,-7.10
373.70,-7.19
374.84,-7.03
375.98,-6.27
377.13,-5.26
378.27,-4.71
379.41,-4.87
380.56,-5.27
381.70,-5.53
382.84,-5.95
383.99,-6.34
385.13,-6.74
386.28,-7.57
387.42,-8.10
388.56,-8.18
389.71,-7.75
390.85,-7.12
391.99,-7.01
393.14,-7.15
394.28,-6.41
395.43,-5.03
396.57,-4.65
397.71,-5.69
398.86,-6.93
400.00,-7.52
401.00,-7.70
402.17,-7.74
403.34,-7.45
404.51,-6.74
405.68,-5.75
406.85,-5.04
408.02,-5.45
409.19,-6.85
410.36,-8.16
411.54,-8.76
412.71,-8.58
413.88,-7.70
415.05,-6.66
416.22,-6.29
417.39,-6.83
418.56,-7.42
419.73,-7.13
420.90,-6.42
422.07,-6.35
423.24,-7.02
424.41,-8.03
425.58,-9.14
426.75,-9.59
427.92,-8.88
429.09,-7.92
430.26,-7.22
431.44,-6.45
432.61,-6.24
433.78,-7.20
434.95,-8.20
436.12,-8.02
437.29,-7.06
438.46,-6.38
439.63,-6.56
440.80,-7.40
441.97,-8.00
443.14,-7.77
444.31,-7.25
445.48,-7.02
446.65,-6.83
447.82,-6.51
448.99,-6.47
450.16,-6.96
451.34,-7.91
452.51,-8.79
453.68,-8.85
454.85,-8.39
456.02,-8.62
457.19,-9.55
458.36,-10.10
459.53,-10.00
460.70,-9.70
461.87,-9.13
463.04,-8.09
464.21,-7.30
465.38,-7.50
466.55,-8.05
467.72,-8.31
468.89,-8.88
470.06,-9.81
471.24,-10.10
472.41,-9.92
473.58,-10.10
474.75,-10.35
475.92,-10.29
477.09,-10.05
478.26,-9.31
479.43,-8.30
480.60,-8.26
481.77,-9.37
482.94,-10.31
484.11,-10.32
485.28,-9.63
486.45,-8.48
487.62,-7.10
488.79,-6.39
489.96,-7.52
491.14,-10.18
492.31,-12.19
493.48,-11.89
494.65,-10.10
495.82,-8.77
496.99,-8.68
498.16,-9.36
499.33,-10.07
500.50,-10.46
501.67,-10.57
502.84,-10.49
504.01,-10.12
505.18,-9.58
506.35,-9.08
507.52,-8.68
508.69,-8.39
509.86,-8.09
511.04,-7.64
512.21,-7.25
513.38,-7.32
514.55,-7.95
515.72,-8.58
516.89,-8.51
518.06,-7.82
519.23,-7.33
520.40,-7.30
521.57,-7.19
522.74,-6.99
523.91,-7.30
525.08,-7.76
526.25,-7.82
527.42,-8.50
528.59,-10.80
529.76,-13.28
530.94,-13.99
532.11,-12.92
533.28,-10.90
534.45,-8.91
535.62,-8.23
536.79,-9.02
537.96,-10.07
539.13,-10.41
540.30,-9.78
541.47,-8.60
542.64,-7.92
543.81,-8.32
544.98,-8.95
546.15,-8.68
547.32,-7.94
548.49,-7.99
549.66,-8.66
550.84,-8.89
552.01,-8.68
553.18,-8.53
554.35,-8.46
555.52,-8.36
556.69,-8.35
557.86,-8.52
559.03,-8.46
560.20,-8.25
561.37,-8.98
562.54,-10.50
563.71,-11.12
564.88,-10.79
566.05,-10.92
567.22,-11.44
568.39,-11.26
569.56,-10.34
570.74,-9.66
571.91,-9.99
573.08,-10.89
574.25,-11.42
575.42,-11.50
576.59,-11.51
577.76,-11.30
578.93,-10.67
580.10,-9.98
581.27,-9.97
582.44,-10.77
583.61,-11.09
584.78,-9.84
585.95,-8.08
587.12,-7.48
588.29,-8.19
589.46,-9.70
590.64,-11.46
591.81,-12.56
592.98,-12.60
594.15,-12.05
595.32,-11.26
596.49,-10.38
597.66,-9.81
598.83,-9.88
600.00,-10.53
601.00,-11.41
602.41,-11.72
603.82,-10.69
605.23,-9.12
606.65,-8.73
608.06,-9.78
609.47,-10.81
610.88,-10.19
612.29,-7.93
613.70,-6.07
615.11,-6.31
616.52,-7.89
617.94,-9.08
619.35,-9.46
620.76,-9.64
622.17,-9.74
623.58,-9.52
624.99,-8.98
626.40,-8.27
627.82,-7.67
629.23,-7.60
630.64,-8.07
632.05,-8.68
633.46,-9.17
634.87,-9.85
636.28,-10.75
637.70,-10.82
639.11,-9.48
640.52,-8.09
641.93,-7.95
643.34,-8.60
644.75,-9.07
646.16,-9.18
647.57,-9.10
648.99,-8.89
650.40,-8.68
651.81,-8.44
653.22,-8.10
654.63,-7.86
656.04,-7.93
657.45,-8.28
658.87,-8.57
660.28,-8.41
661.69,-7.76
663.10,-6.79
664.51,-5.59
665.92,-4.69
667.33,-4.70
668.74,-5.02
670.16,-4.64
671.57,-4.04
672.98,-3.80
674.39,-2.92
675.80,-1.30
677.21,-0.82
678.62,-1.47
680.04,-2.11
681.45,-3.70
682.86,-4.52
684.27,-4.53
685.68,-3.77
687.09,-2.39
688.50,-0.82
689.91,0.14
691.33,-0.23
692.74,-1.44
694.15,-2.06
695.56,-1.35
696.97,0.05
698.38,1.02
699.79,1.48
701.21,2.48
702.62,4.28
704.03,5.74
705.44,6.22
706.85,6.11
708.26,5.64
709.67,5.07
711.09,4.79
712.50,4.70
713.91,5.12
715.32,6.23
716.73,6.94
718.14,6.90
719.55,7.26
720.96,8.06
722.38,8.50
723.79,8.95
725.20,10.00
726.61,10.84
728.02,10.14
729.43,8.20
730.84,6.87
732.26,7.27
733.67,8.15
735.08,7.76
736.49,6.14
737.90,4.50
739.31,3.81
740.72,4.42
742.13,5.48
743.55,5.45
744.96,4.09
746.37,2.53
747.78,1.98
749.19,2.44
750.60,2.99
752.01,3.11
753.43,2.74
754.84,1.75
756.25,0.71
757.66,0.77
759.07,1.66
760.48,2.12
761.89,2.37
763.30,3.12
764.72,3.56
766.13,2.85
767.54,1.31
768.95,-0.47
770.36,-1.77
771.77,-1.90
773.18,-1.30
774.60,-1.06
776.01,-1.30
777.42,-1.27
778.83,-0.84
780.24,-0.92
781.65,-1.89
783.06,-3.02
784.48,-3.76
785.89,-4.10
787.30,-4.14
788.71,-4.04
790.12,-3.91
791.53,-3.49
792.94,-2.70
794.35,-2.26
795.77,-2.46
797.18,-2.29
798.59,-1.29
800.00,-0.53
801.00,-0.83
802.84,-1.42
804.69,-1.55
806.53,-1.67
808.37,-1.81
810.21,-1.35
812.06,-0.73
813.90,-0.75
815.74,-0.87
817.58,-0.24
819.43,0.77
821.27,1.37
823.11,1.39
824.95,0.95
826.80,0.30
828.64,0.05
830.48,0.40
832.32,0.54
834.17,-0.39
836.01,-2.34
837.85,-4.40
839.69,-5.23
841.54,-4.58
843.38,-3.89
845.22,-4.05
847.06,-4.33
848.91,-4.09
850.75,-3.69
852.59,-3.57
854.44,-3.43
856.28,-2.67
858.12,-1.83
859.96,-2.08
861.81,-3.13
863.65,-3.20
865.49,-1.34
867.33,0.95
869.18,1.68
871.02,1.12
872.86,0.72
874.70,0.57
876.55,-0.11
878.39,-1.22
880.23,-1.92
882.07,-1.65
883.92,-0.55
885.76,0.68
887.60,1.22
889.44,0.77
891.29,-0.11
893.13,-0.51
894.97,-0.41
896.81,-0.50
898.66,-0.54
900.50,-0.08
902.34,0.21
904.19,-0.27
906.03,-1.23
907.87,-2.30
909.71,-3.07
911.56,-2.97
913.40,-2.17
915.24,-1.96
917.08,-3.00
918.93,-4.11
920.77,-4.12
922.61,-3.34
924.45,-2.45
926.30,-1.40
928.14,0.17
929.98,1.83
931.82,2.53
933.67,1.71
935.51,-0.15
937.35,-2.01
939.19,-2.83
941.04,-2.03
942.88,-0.34
944.72,0.66
946.56,0.29
948.41,-0.70
950.25,-1.39
952.09,-1.32
953.94,-0.51
955.78,0.46
957.62,0.66
959.46,-0.19
961.31,-1.05
963.15,-1.04
964.99,-0.84
966.83,-1.21
968.68,-1.53
970.52,-1.17
972.36,-0.83
974.20,-1.22
976.05,-1.25
977.89,0.21
979.73,2.02
981.57,2.09
983.42,0.20
985.26,-1.67
987.10,-1.59
988.94,0.06
990.79,1.13
992.63,0.29
994.47,-1.53
996.31,-2.26
998.16,-1.08
1000.00,0.65
1001.00,0.86
1004.01,-0.90
1007.01,-2.36
1010.02,-1.18
1013.02,1.47
1016.03,2.71
1019.04,2.28
1022.04,1.99
1025.05,2.54
1028.05,3.38
1031.06,3.93
1034.07,3.81
1037.07,3.29
1040.08,3.03
1043.08,2.69
1046.09,1.61
1049.10,0.32
1052.10,-0.19
1055.11,0.35
1058.11,1.57
1061.12,2.86
1064.13,3.91
1067.13,5.11
1070.14,6.62
1073.14,7.72
1076.15,7.88
1079.16,7.68
1082.16,7.75
1085.17,8.06
1088.17,8.77
1091.18,10.29
1094.19,12.45
1097.19,14.51
1100.20,15.53
1103.20,15.04
1106.21,13.64
1109.22,12.55
1112.22,12.47
1115.23,13.29
1118.23,14.82
1121.24,17.05
1124.25,19.15
1127.25,19.84
1130.26,19.60
1133.27,20.16
1136.27,20.89
1139.28,21.62
1142.28,22.67
1145.29,22.93
1148.30,23.03
1151.30,23.13
1154.31,22.95
1157.31,23.05
1160.32,24.34
1163.33,26.56
1166.33,28.63
1169.34,29.97
1172.34,30.91
1175.35,31.95
1178.36,32.99
1181.36,33.76
1184.37,34.71
1187.37,36.90
1190.38,40.89
1193.39,46.10
1196.39,51.41
1199.40,55.60
1202.40,57.91
1205.41,58.87
1208.42,60.22
1211.42,63.07
1214.43,66.86
1217.43,70.63
1220.44,73.82
1223.45,75.70
1226.45,75.99
1229.46,75.45
1232.46,74.82
1235.47,74.03
1238.48,72.83
1241.48,71.79
1244.49,71.63
1247.49,71.48
1250.50,70.39
1253.51,69.64
1256.51,70.27
1259.52,70.84
1262.52,69.73
1265.53,67.21
1268.54,64.47
1271.54,62.60
1274.55,62.09
1277.55,62.11
1280.56,61.15
1283.57,59.16
1286.57,57.37
1289.58,56.06
1292.58,54.81
1295.59,53.75
1298.60,53.15
1301.60,52.87
1304.61,52.72
1307.61,52.57
1310.62,52.46
1313.63,52.18
1316.63,51.41
1319.64,50.74
1322.64,51.30
1325.65,52.77
1328.66,53.59
1331.66,52.90
1334.67,51.47
1337.67,50.33
1340.68,49.39
1343.69,48.50
1346.69,48.48
1349.70,49.31
1352.70,49.54
1355.71,48.59
1358.72,47.80
1361.72,47.92
1364.73,47.82
1367.73,46.69
1370.74,45.25
1373.75,44.36
1376.75,44.46
1379.76,45.93
1382.77,48.10
1385.77,49.51
1388.78,49.64
1391.78,49.07
1394.79,48.62
1397.80,48.83
1400.80,49.79
1403.81,50.90
1406.81,51.18
1409.82,50.85
1412.83,51.04
1415.83,52.14
1418.84,53.59
1421.84,54.50
1424.85,54.12
1427.86,52.75
1430.86,51.77
1433.87,52.01
1436.87,52.80
1439.88,53.03
1442.89,52.69
1445.89,52.39
1448.90,51.97
1451.90,51.35
1454.91,51.19
1457.92,51.54
1460.92,51.80
1463.93,52.15
1466.93,52.98
1469.94,53.54
1472.95,52.98
1475.95,51.88
1478.96,51.28
1481.96,51.52
1484.97,52.73
1487.98,54.91
1490.98,57.32
1493.99,59.33
1496.99,61.13
1500.00,62.92
1501.00,64.29
1511.86,64.75
1522.72,64.64
1533.59,65.04
1544.45,66.14
1555.31,67.23
1566.17,68.42
1577.04,70.40
1587.90,72.87
1598.76,75.16
1609.62,77.09
1620.49,78.58
1631.35,79.40
1642.21,79.64
1653.07,79.74
1663.93,80.09
1674.80,81.12
1685.66,82.98
1696.52,85.15
1707.38,87.12
1718.25,89.00
1729.11,90.67
1739.97,91.85
1750.83,92.96
1761.70,94.60
1772.56,96.54
1783.42,98.17
1794.28,99.18
1805.14,99.67
1816.01,100.37
1826.87,102.26
1837.73,105.13
1848.59,107.68
1859.46,109.71
1870.32,111.87
1881.18,114.16
1892.04,116.56
1902.91,119.67
1913.77,123.07
1924.63,125.20
1935.49,125.76
1946.36,125.83
1957.22,126.18
1968.08,126.76
1978.94,127.02
1989.80,126.54
2000.67,125.75
2011.53,125.09
2022.39,124.14
2033.25,122.35
2044.12,119.94
2054.98,117.93
2065.84,116.95
2076.70,116.36
2087.57,115.51
2098.43,114.46
2109.29,113.07
2120.15,111.38
2131.01,110.13
2141.88,109.87
2152.74,110.55
2163.60,111.90
2174.46,113.07
2185.33,113.09
2196.19,112.02
2207.05,110.84
2217.91,110.85
2228.78,112.73
2239.64,116.05
2250.50,119.87
2261.36,123.33
2272.22,126.04
2283.09,128.20
2293.95,130.30
2304.81,133.34
2315.67,138.39
2326.54,144.95
2337.40,151.06
2348.26,156.06
2359.12,161.38
2369.99,167.88
2380.85,174.48
2391.71,180.32
2402.57,185.76
2413.43,191.36
2424.30,197.48
2435.16,203.99
2446.02,209.87
2456.88,214.16
2467.75,217.20
2478.61,220.31
2489.47,224.07
2500.33,227.62
2511.20,230.32
2522.06,232.23
2532.92,232.96
2543.78,232.15
2554.65,230.69
2565.51,229.78
2576.37,229.78
2587.23,229.93
2598.09,228.98
2608.96,226.96
2619.82,224.94
2630.68,223.27
2641.54,221.84
2652.41,220.86
2663.27,220.37
2674.13,220.11
2684.99,220.04
2695.85,220.49
2706.72,221.76
2717.58,223.56
2728.44,225.65
2739.30,228.33
2750.17,231.51
2761.03,235.03
2771.89,239.72
2782.75,245.98
2793.62,252.94
2804.48,256.81
2815.34,260.68
2826.20,270.16
2837.07,280.52
2847.93,290.37
2858.79,300.46
2869.65,312.20
2880.51,325.80
2891.38,340.73
2902.24,356.05
2913.10,371.25
2923.96,387.28
2934.83,404.78
2945.69,422.34
2956.55,438.73
2967.41,453.97
2978.28,468.16
2989.14,481.34
3000.00,493.79
3001.00,505.32
3021.97,515.08
3042.94,522.17
3063.92,526.58
3084.89,529.35
3105.86,531.63
3126.83,533.84
3147.80,535.53
3168.78,535.62
3189.75,533.25
3210.72,528.43
3231.69,521.73
3252.66,513.97
3273.64,505.68
3294.61,496.99
3315.58,488.20
3336.55,479.64
3357.52,471.34
3378.50,463.56
3399.47,456.79
3420.44,450.84
3441.41,445.33
3462.38,441.01
3483.36,439.22
3504.33,439.56
3525.30,440.27
3546.27,440.99
3567.24,442.28
3588.22,443.69
3609.19,444.80
3630.16,446.21
3651.13,448.50
3672.10,451.52
3693.08,455.76
3714.05,462.19
3735.02,469.76
3755.99,476.30
3776.97,482.43
3797.94,491.12
3818.91,503.48
3839.88,517.65
3860.85,531.69
3881.83,545.42
3902.80,559.85
3923.77,575.67
3944.74,592.56
3965.71,610.15
3986.69,628.86
4007.66,649.26
4028.63,671.17
4049.60,694.10
4070.57,717.87
4091.55,742.10
4112.52,765.76
4133.49,788.35
4154.46,809.71
4175.43,829.06
4196.41,846.31
4217.38,862.64
4238.35,878.16
4259.32,891.05
4280.29,899.79
4301.27,904.40
4322.24,905.58
4343.21,904.79
4364.18,904.02
4385.15,903.07
4406.13,899.47
4427.10,892.34
4448.07,883.31
4469.04,873.59
4490.01,863.37
4510.99,853.88
4531.96,846.39
4552.93,839.80
4573.90,832.78
4594.87,826.80
4615.85,823.59
4636.82,822.56
4657.79,822.74
4678.76,824.03
4699.73,826.43
4720.71,829.31
4741.68,832.02
4762.65,835.09
4783.62,839.63
4804.59,845.57
4825.57,851.44
4846.54,856.03
4867.51,859.81
4888.48,863.20
4909.45,864.30
4930.43,861.44
4951.40,856.05
4972.37,849.83
4993.34,842.20
5014.31,832.77
5035.29,822.89
5056.26,813.08
5077.23,802.10
5098.20,789.08
5119.17,774.81
5140.15,760.47
5161.12,746.57
5182.09,733.44
5203.06,721.26
5224.04,709.87
5245.01,699.27
5265.98,689.39
5286.95,680.36
5307.92,673.67
5328.90,670.86
5349.87,671.40
5370.84,673.72
5391.81,677.68
5412.78,684.47
5433.76,694.52
5454.73,706.51
5475.70,719.25
5496.67,733.89
5517.64,752.27
5538.62,773.63
5559.59,795.14
5580.56,815.60
5601.53,836.25
5622.50,857.83
5643.48,879.47
5664.45,900.33
5685.42,920.14
5706.39,938.13
5727.36,953.90
5748.34,968.02
5769.31,980.31
5790.28,989.55
5811.25,995.29
5832.22,998.03
5853.20,998.32
5874.17,996.47
5895.14,991.93
5916.11,983.64
5937.08,971.88
5958.06,958.20
5979.03,943.83
6000.00,929.67
6001.00,916.19
6038.73,902.85
6076.45,889.17
6114.18,875.60
6151.91,862.04
6189.63,847.57
6227.36,832.54
6265.08,818.50
6302.81,805.62
6340.54,792.86
6378.26,780.16
6415.99,768.70
6453.72,759.26
6491.44,751.51
6529.17,745.15
6566.90,739.83
6604.62,734.43
6642.35,728.59
6680.08,723.30
6717.80,718.18
6755.53,711.95
6793.25,705.81
6830.98,701.45
6868.71,697.16
6906.43,690.19
6944.16,681.08
6981.89,672.64
7019.61,666.14
7057.34,660.42
7095.07,654.00
7132.79,647.45
7170.52,642.13
7208.25,637.62
7245.97,632.86
7283.70,628.48
7321.42,625.36
7359.15,623.26
7396.88,622.03
7434.60,622.10
7472.33,623.39
7510.06,625.06
7547.78,626.74
7585.51,629.13
7623.24,632.76
7660.96,636.86
7698.69,640.30
7736.42,643.22
7774.14,646.74
7811.87,651.28
7849.59,655.33
7887.32,656.90
7925.05,656.19
7962.77,655.29
8000.50,655.27
8038.23,655.51
8075.95,655.51
8113.68,655.33
8151.41,655.06
8189.13,655.46
8226.86,657.57
8264.58,660.78
8302.31,663.28
8340.04,664.74
8377.76,666.46
8415.49,669.16
8453.22,672.54
8490.94,676.55
8528.67,681.35
8566.40,686.87
8604.12,693.77
8641.85,703.86
8679.58,717.32
8717.30,731.20
8755.03,743.64
8792.75,756.81
8830.48,773.20
8868.21,793.24
8905.93,817.45
8943.66,832.35
8981.39,847.26
9019.11,883.18
9056.84,924.72
9094.57,971.65
9132.29,1024.05
9170.02,1081.53
9207.75,1143.00
9245.47,1206.96
9283.20,1273.11
9320.92,1343.07
9358.65,1417.33
9396.38,1493.16
9434.10,1567.25
9471.83,1638.52
9509.56,1706.78
9547.28,1769.88
9585.01,1825.38
9622.74,1873.49
9660.46,1915.91
9698.19,1953.81
9735.92,1986.27
9773.64,2010.36
9811.37,2024.85
9849.09,2032.47
9886.82,2036.18
9924.55,2035.93
9962.27,2030.71
10000.00,2021.06
10001.00,2008.38
10061.23,1993.66
10121.46,1977.26
10181.69,1959.23
10241.92,1940.29
10302.14,1921.10
10362.37,1901.26
10422.60,1881.21
10482.83,1862.07
10543.06,1843.46
10603.29,1824.31
10663.52,1805.56
10723.75,1789.32
10783.98,1775.17
10844.21,1759.90
10904.43,1742.25
10964.66,1725.02
11024.89,1710.67
11085.12,1698.22
11145.35,1685.82
11205.58,1673.58
11265.81,1663.06
11326.04,1654.94
11386.26,1647.99
11446.49,1640.89
11506.72,1634.16
11566.95,1628.68
11627.18,1623.61
11687.41,1618.25
11747.64,1613.47
11807.87,1609.84
11868.10,1607.74
11928.33,1608.45
11988.55,1612.03
12048.78,1616.76
12109.01,1621.47
12169.24,1626.77
12229.47,1633.53
12289.70,1640.50
12349.93,1644.90
12410.16,1644.92
12470.39,1641.01
12530.61,1636.11
12590.84,1633.65
12651.07,1633.37
12711.30,1631.60
12771.53,1625.92
12831.76,1617.05
12891.99,1606.79
12952.22,1596.00
13012.45,1583.85
13072.67,1569.47
13132.90,1553.40
13193.13,1535.27
13253.36,1514.21
13313.59,1492.31
13373.82,1471.46
13434.05,1450.29
13494.28,1428.33
13554.51,1406.92
13614.74,1385.58
13674.96,1362.90
13735.19,1339.55
13795.42,1317.38
13855.65,1296.72
13915.88,1276.35
13976.11,1256.11
14036.34,1237.27
14096.57,1220.42
14156.79,1204.94
14217.02,1189.92
14277.25,1174.83
14337.48,1160.54
14397.71,1148.27
14457.94,1137.57
14518.17,1126.84
14578.40,1115.26
14638.63,1104.22
14698.86,1096.13
14759.08,1091.58
14819.31,1089.86
14879.54,1090.70
14939.77,1093.32
15000.00,1096.21
15001.00,1098.60
15227.34,1101.73
15453.69,1108.31
15680.03,1118.94
15906.38,1130.39
16132.72,1139.72
16359.07,1148.28
16585.41,1158.97
16811.76,1171.78
17038.10,1184.30
17264.45,1195.45
17490.79,1205.53
17717.13,1213.82
17943.48,1219.42
18169.82,1223.35
18396.17,1227.34
18622.51,1232.05
18848.86,1237.17
19075.20,1242.22
19301.55,1246.89
19527.89,1251.16
19754.24,1255.20
19980.58,1257.84
20206.93,1256.43
20433.27,1249.28
20659.62,1237.21
20885.96,1222.34
21112.30,1206.30
21338.65,1189.07
21564.99,1169.89
21791.34,1149.28
22017.68,1128.38
22244.03,1106.93
22470.37,1084.20
22696.72,1061.01
22923.06,1038.42
23149.41,1015.69
23375.75,991.95
23602.09,968.30
23828.44,945.72
24054.78,922.99
24281.13,899.04
24507.47,875.58
24733.82,855.23
24960.16,837.64
25186.51,820.34
25412.85,802.64
25639.20,785.65
25865.54,769.92
26091.88,755.57
26318.23,742.84
26544.57,731.55
26770.92,720.84
26997.26,710.02
27223.61,699.45
27449.95,689.81
27676.30,680.76
27902.64,671.61
28128.99,662.72
28355.33,654.78
28581.68,647.79
28808.02,641.31
29034.37,634.71
29260.71,627.48
29487.05,619.91
29713.40,612.73
29939.74,606.20
30166.09,600.01
30392.43,593.53
30618.78,586.58
30845.12,579.76
31071.47,573.41
31297.81,567.14
31524.16,560.58
31750.50,553.71
31976.84,546.31
32203.19,537.87
32429.53,528.73
32655.88,520.19
32882.22,512.65
33108.57,505.79
33334.91,499.61
33561.26,494.00
33787.60,489.07
34013.95,485.39
34240.29,482.59
34466.64,479.39
34692.98,475.52
34919.32,471.87
35145.67,468.73
35372.01,464.95
35598.36,459.74
35824.70,454.06
36051.05,449.35
36277.39,446.10
36503.74,444.46
36730.08,444.17
36956.43,443.84
37182.77,442.26
37409.11,439.92
37635.46,437.62
37861.80,435.31
38088.15,433.24
38314.49,431.36
38540.84,429.00
38767.18,426.48
38993.53,424.46
39219.87,422.92
39446.21,422.00
39672.56,421.35
39898.91,419.50
40125.25,416.08
40351.59,412.61
40577.94,410.32
40804.29,409.06
41030.63,407.93
41256.97,406.32
41483.32,404.24
41709.66,401.85
41936.01,399.80
42162.35,399.01
42388.70,399.44
42615.04,399.62
42841.39,398.40
43067.73,396.90
43294.07,396.92
43520.42,397.78
43746.76,397.20
43973.11,395.92
44199.45,394.64
44425.80,391.38
44652.14,388.56
44878.49,386.68
45104.83,385.72
45331.18,385.21
45557.52,384.42
45783.86,382.60
46010.21,379.61
46236.55,376.30
46462.90,373.35
46689.24,370.25
46915.59,366.43
47141.93,362.06
47368.28,357.51
47594.62,353.25
47820.96,349.47
48047.31,345.47
48273.66,340.39
48500.00,334.15
48501.00,327.77
48943.98,323.23
49386.96,321.19
49829.94,319.98
50272.92,318.16
50715.90,315.71
51158.88,312.78
51601.86,309.88
52044.84,308.20
52487.82,307.82
52930.80,307.09
53373.77,304.56
53816.75,300.63
54259.73,297.24
54702.71,295.68
55145.69,295.25
55588.67,295.19
56031.65,295.86
56474.63,296.38
56917.61,295.40
57360.59,294.10
57803.57,294.31
58246.55,295.39
58689.53,295.48
59132.51,293.80
59575.49,290.84
60018.47,287.28
60461.45,283.71
60904.43,281.04
61347.41,279.50
61790.39,277.72
62233.37,274.80
62676.34,271.32
63119.32,267.64
63562.30,264.13
64005.29,261.77
64448.26,260.55
64891.24,259.41
65334.22,258.04
65777.20,257.15
66220.18,256.65
66663.16,255.42
67106.14,253.35
67549.12,251.70
67992.10,250.80
68435.08,249.09
68878.05,245.89
69321.04,242.94
69764.02,241.39
70207.00,239.79
70649.98,236.47
71092.95,231.49
71535.94,225.75
71978.91,220.32
72421.90,216.71
72864.87,215.47
73307.85,214.71
73750.84,212.25
74193.81,208.46
74636.79,205.09
75079.77,202.46
75522.75,199.79
75965.73,196.83
76408.71,193.76
76851.69,190.83
77294.67,188.03
77737.65,184.80
78180.62,181.01
78623.61,177.53
79066.59,174.94
79509.57,173.00
79952.55,171.61
80395.52,170.76
80838.51,170.10
81281.48,169.35
81724.47,168.06
82167.45,165.79
82610.42,163.11
83053.41,160.76
83496.38,158.25
83939.36,155.32
84382.34,153.31
84825.32,152.91
85268.30,152.72
85711.28,151.66
86154.26,150.32
86597.24,149.19
87040.22,147.70
87483.20,145.06
87926.18,141.34
88369.16,137.72
88812.14,135.30
89255.12,133.86
89698.09,132.68
90141.08,131.56
90584.05,130.66
91027.03,130.20
91470.02,130.11
91912.99,129.93
92355.98,129.05
92798.95,127.15
93241.93,124.36
93684.91,121.12
94127.89,118.61
94570.87,118.00
95013.85,118.18
95456.83,116.71
95899.81,113.53
96342.79,110.85
96785.77,109.62
97228.75,108.75
97671.73,107.32
98114.71,105.84
98557.69,105.27
99000.66,105.36
99443.65,104.99
99886.62,103.86
100329.60,102.13
100772.59,99.81
101215.56,97.66
101658.55,96.66
102101.52,96.53
102544.50,96.49
102987.48,96.30
103430.46,95.66
103873.45,94.42
104316.42,92.89
104759.40,91.60
105202.38,91.25
105645.36,91.84
106088.34,91.86
106531.32,90.43
106974.30,88.73
107417.28,88.05
107860.26,87.84
108303.23,86.49
108746.22,83.89
109189.20,81.74
109632.17,80.51
110075.16,78.97
110518.13,77.07
110961.12,76.13
111404.09,76.46
111847.07,77.05
112290.05,76.88
112733.03,75.87
113176.01,74.72
113618.99,73.90
114061.97,73.02
114504.95,71.93
114947.93,71.21
115390.91,70.82
115833.89,70.19
116276.87,69.29
116719.85,68.51
117162.83,67.80
117605.80,66.87
118048.79,66.19
118491.77,66.42
118934.74,66.93
119377.73,66.54
119820.70,65.31
120263.69,64.37
120706.66,64.33
121149.64,64.59
121592.62,64.45
122035.60,64.10
122478.58,63.79
122921.56,63.40
123364.54,62.62
123807.52,61.22
124250.50,59.59
124693.48,58.67
125136.46,58.48
125579.44,57.87
126022.42,56.37
126465.40,54.56
126908.37,53.04
127351.36,52.01
127794.34,51.63
128237.31,51.70
128680.30,51.89
129123.27,52.21
129566.26,52.63
130009.23,52.85
130452.21,52.72
130895.20,52.13
131338.17,50.92
131781.16,49.35
132224.12,48.57
132667.11,49.44
133110.09,50.95
133553.06,51.42
133996.05,50.68
134439.03,49.52
134882.02,48.24
135324.98,47.08
135767.97,46.55
136210.95,46.50
136653.92,45.80
137096.91,43.95
137539.89,41.89
137982.86,40.78
138425.84,40.86
138868.83,41.76
139311.80,42.67
139754.78,43.15
140197.77,43.44
140640.75,43.54
141083.72,42.97
141526.70,41.61
141969.69,40.26
142412.66,39.85
142855.64,40.21
143298.62,40.46
143741.59,40.09
144184.58,39.17
144627.56,38.10
145070.53,37.37
145513.52,37.33
145956.50,37.75
146399.48,38.17
146842.45,39.50
147285.44,40.40
147728.42,40.46
148171.39,39.89
148614.37,38.74
149057.36,37.13
149500.33,35.77
149943.31,35.41
150386.30,36.17
150829.27,37.40
151272.25,38.42
151715.23,38.97
152158.20,38.86
152601.19,37.88
153044.17,36.54
153487.16,35.50
153930.12,34.77
154373.11,34.55
154816.09,34.65
155259.06,33.94
155702.05,32.69
156145.03,32.47
156588.00,33.08
157030.98,33.71
157473.97,34.66
157916.94,35.34
158359.92,34.25
158802.91,31.85
159245.89,29.83
159688.86,28.43
160131.84,27.42
160574.83,27.30
161017.80,27.76
161460.78,27.99
161903.77,28.40
162346.73,29.27
162789.72,29.53
163232.70,28.80
163675.67,28.30
164118.66,28.81
164561.64,29.44
165004.61,29.42
165447.59,29.30
165890.58,29.62
166333.56,30.02
166776.53,29.89
167219.52,28.86
167662.50,27.40
168105.47,26.24
168548.45,25.26
168991.44,24.39
169434.41,24.02
169877.39,23.75
170320.37,22.66
170763.34,21.01
171206.33,20.21
171649.31,20.89
172092.30,22.16
172535.27,22.99
172978.25,22.97
173421.23,22.16
173864.20,21.25
174307.19,20.74
174750.17,20.45
175193.14,20.43
175636.12,21.25
176079.11,22.77
176522.08,23.95
176965.06,24.45
177408.05,25.04
177851.02,26.17
178294.00,27.90
178736.98,30.37
179179.97,33.27
179622.94,35.97
180065.92,38.68
180508.91,42.07
180951.87,46.30
181394.86,51.14
181837.84,56.45
182280.81,62.24
182723.80,68.59
183166.78,76.12
183609.75,85.76
184052.73,97.60
184495.72,110.68
184938.70,124.33
185381.67,138.67
185824.66,154.50
186267.64,172.71
186710.61,193.24
187153.59,215.23
187596.58,238.44
188039.55,263.73
188482.53,291.94
188925.52,322.93
189368.48,355.78
189811.47,389.63
190254.45,424.78
190697.44,462.25
191140.41,501.65
191583.39,541.16
192026.37,580.20
192469.34,619.87
192912.33,660.69
193355.31,701.67
193798.28,741.72
194241.27,780.53
194684.25,818.18
195127.22,855.03
195570.20,891.25
196013.19,925.84
196456.16,956.70
196899.14,982.34
197342.12,1003.23
197785.11,1021.18
198228.08,1037.03
198671.06,1050.43
199114.05,1060.50
199557.02,1065.57
200000.00,1064.71
200441.69,1059.44
200887.16,1051.06
201332.62,1038.70
201778.09,1021.98
202223.56,1002.03
202669.02,979.35
203114.48,953.83
203559.95,926.29
204005.42,897.07
204450.89,865.02
204896.36,829.93
205341.81,793.60
205787.28,757.23
206232.75,720.58
206678.22,683.51
207123.69,646.31
207569.16,609.01
208014.61,571.59
208460.08,534.41
208905.55,497.64
209351.02,461.16
209796.48,425.45
210241.94,391.67
210687.41,360.66
211132.87,332.27
211578.34,305.68
212023.81,280.15
212469.28,255.30
212914.73,231.45
213360.20,209.75
213805.67,190.51
214251.14,172.49
214696.61,155.31
215142.08,139.97
215587.53,126.76
216033.00,115.06
216478.47,104.13
216923.94,93.11
217369.41,82.16
217814.87,72.93
218260.33,66.43
218705.80,61.62
219151.27,56.64
219596.73,50.79
220042.20,45.11
220487.67,40.70
220933.12,37.42
221378.59,34.58
221824.06,31.65
222269.53,28.61
222715.00,26.12
223160.47,24.86
223605.92,24.71
224051.39,24.83
224496.86,24.43
224942.33,23.63
225387.80,23.21
225833.27,23.11
226278.72,22.15
226724.19,19.94
227169.66,17.80
227615.12,17.47
228060.59,18.82
228506.06,19.84
228951.52,19.22
229396.98,17.54
229842.45,15.94
230287.92,14.98
230733.39,14.53
231178.86,14.18
231624.31,13.59
232069.78,12.79
232515.25,12.04
232960.72,11.53
233406.19,11.35
233851.64,11.66
234297.11,12.46
234742.58,13.36
235188.05,13.48
235633.52,12.42
236078.98,11.24
236524.44,11.03
236969.91,11.10
237415.37,10.11
237860.84,7.86
238306.31,5.24
238751.78,3.74
239197.23,4.35
239642.70,6.22
240088.17,7.65
240533.64,7.94
240979.11,7.21
241424.58,5.92
241870.03,4.82
242315.50,4.54
242760.97,4.88
243206.44,4.87
243651.91,4.38
244097.37,4.56
244542.83,5.92
244988.30,7.32
245433.77,7.62
245879.23,6.97
246324.70,5.93
246770.17,5.00
247215.62,4.81
247661.09,5.27
248106.56,5.37
248552.03,4.86
248997.50,4.54
249442.97,4.28
249888.42,3.27
250333.89,1.94
250779.36,1.36
251224.83,1.70
251670.30,2.10
252115.77,2.01
252561.22,1.89
